{
  "bytes": 17,
  "count_of_rows": 1,
  "hash": "68a6d267736f077ec4fc2ddaad7e5e94",
  "profile": "data-package",
  "resources": [
    {
      "bytes": 17,
      "dialect": {
        "caseSensitiveHeader": false,
        "delimiter": ",",
        "doubleQuote": true,
        "header": true,
        "lineTerminator": "\r\n",
        "quoteChar": "\"",
        "skipInitialSpace": false
      },
      "encoding": "utf-8",
      "format": "csv",
      "hash": "d72eda346595a70cf531a3359d5eda6f",
      "name": "res_1",
      "path": "res_1.csv",
      "profile": "tabular-data-resource",
      "schema": {
        "fields": [
          {
            "format": "default",
            "name": "foo",
            "type": "string"
          },
          {
            "format": "default",
            "name": "moo",
            "type": "integer"
          }
        ],
        "missingValues": [
          ""
        ]
      }
    }
  ]
}